[{"pk": 1, "model": "gstudio.nid", "fields": {"title": "concpt"}}, {"pk": 2, "model": "gstudio.nid", "fields": {"title": "place"}}, {"pk": 3, "model": "gstudio.nid", "fields": {"title": "person"}}, {"pk": 4, "model": "gstudio.nid", "fields": {"title": "Nagarjuna"}}, {"pk": 5, "model": "gstudio.nid", "fields": {"title": "Kabir"}}, {"pk": 6, "model": "gstudio.nid", "fields": {"title": "country"}}, {"pk": 7, "model": "gstudio.nid", "fields": {"title": "city"}}, {"pk": 8, "model": "gstudio.nid", "fields": {"title": "Mumbai"}}, {"pk": 9, "model": "gstudio.nid", "fields": {"title": "India"}}, {"pk": 10, "model": "gstudio.nid", "fields": {"title": "New Delhi"}}, {"pk": 11, "model": "gstudio.nid", "fields": {"title": "relation name"}}, {"pk": 12, "model": "gstudio.nid", "fields": {"title": "capital of"}}, {"pk": 13, "model": "gstudio.nid", "fields": {"title": "lives in"}}, {"pk": 14, "model": "gstudio.nid", "fields": {"title": " Nagarjuna  lives in  Mumbai"}}, {"pk": 15, "model": "gstudio.nid", "fields": {"title": " Kabir  lives in  Mumbai"}}, {"pk": 16, "model": "gstudio.nid", "fields": {"title": " New Delhi  capital of  India"}}, {"pk": 17, "model": "gstudio.nid", "fields": {"title": "ontology "}}, {"pk": 18, "model": "gstudio.nid", "fields": {"title": "geographical ontology"}}, {"pk": 19, "model": "gstudio.nid", "fields": {"title": "geographical system"}}, {"pk": 20, "model": "gstudio.nid", "fields": {"title": "attribute name"}}, {"pk": 21, "model": "gstudio.nid", "fields": {"title": "population"}}, {"pk": 22, "model": "gstudio.nid", "fields": {"title": " Mumbai has  population  21000000"}}, {"pk": 1, "model": "gstudio.node", "fields": {"plural": null}}, {"pk": 2, "model": "gstudio.node", "fields": {"plural": null}}, {"pk": 3, "model": "gstudio.node", "fields": {"plural": null}}, {"pk": 4, "model": "gstudio.node", "fields": {"plural": null}}, {"pk": 5, "model": "gstudio.node", "fields": {"plural": null}}, {"pk": 6, "model": "gstudio.node", "fields": {"plural": null}}, {"pk": 7, "model": "gstudio.node", "fields": {"plural": null}}, {"pk": 8, "model": "gstudio.node", "fields": {"plural": null}}, {"pk": 9, "model": "gstudio.node", "fields": {"plural": null}}, {"pk": 10, "model": "gstudio.node", "fields": {"plural": null}}, {"pk": 11, "model": "gstudio.node", "fields": {"plural": null}}, {"pk": 12, "model": "gstudio.node", "fields": {"plural": ""}}, {"pk": 13, "model": "gstudio.node", "fields": {"plural": "live in"}}, {"pk": 17, "model": "gstudio.node", "fields": {"plural": null}}, {"pk": 18, "model": "gstudio.node", "fields": {"plural": "geographical ontologies"}}, {"pk": 19, "model": "gstudio.node", "fields": {"plural": "geographical systems"}}, {"pk": 20, "model": "gstudio.node", "fields": {"plural": null}}, {"pk": 21, "model": "gstudio.node", "fields": {"plural": "population"}}, {"pk": 1, "model": "gstudio.nodetype", "fields": {}}, {"pk": 2, "model": "gstudio.nodetype", "fields": {}}, {"pk": 3, "model": "gstudio.nodetype", "fields": {}}, {"pk": 6, "model": "gstudio.nodetype", "fields": {}}, {"pk": 7, "model": "gstudio.nodetype", "fields": {}}, {"pk": 11, "model": "gstudio.nodetype", "fields": {}}, {"pk": 12, "model": "gstudio.nodetype", "fields": {}}, {"pk": 13, "model": "gstudio.nodetype", "fields": {}}, {"pk": 17, "model": "gstudio.nodetype", "fields": {}}, {"pk": 18, "model": "gstudio.nodetype", "fields": {}}, {"pk": 20, "model": "gstudio.nodetype", "fields": {}}, {"pk": 21, "model": "gstudio.nodetype", "fields": {}}, {"pk": 14, "model": "gstudio.edge", "fields": {}}, {"pk": 15, "model": "gstudio.edge", "fields": {}}, {"pk": 16, "model": "gstudio.edge", "fields": {}}, {"pk": 22, "model": "gstudio.edge", "fields": {}}, {"pk": 20, "model": "gstudio.metatype", "fields": {"rght": 6, "description": "", "parent": 11, "level": 2, "lft": 5, "tree_id": 1, "slug": "attribute-name"}}, {"pk": 1, "model": "gstudio.metatype", "fields": {"rght": 8, "description": "class of all concepts", "parent": null, "level": 0, "lft": 1, "tree_id": 1, "slug": "concpt"}}, {"pk": 17, "model": "gstudio.metatype", "fields": {"rght": 3, "description": "", "parent": 1, "level": 1, "lft": 2, "tree_id": 1, "slug": "ontology"}}, {"pk": 11, "model": "gstudio.metatype", "fields": {"rght": 7, "description": "", "parent": 1, "level": 1, "lft": 4, "tree_id": 1, "slug": "relation-name"}}, {"pk": 21, "model": "gstudio.objecttype", "fields": {"rght": 2, "image": "", "metatypes": [20], "excerpt": "", "related": [], "creation_date": "2011-11-27 12:00:21", "lft": 1, "featured": false, "pingback_enabled": true, "posteriornode": [], "comment_enabled": true, "login_required": false, "sites": [1], "last_update": "2011-11-27 12:00:21", "content": "", "template": "gstudio/objecttype_detail.html", "tree_id": 6, "end_publication": "2042-03-15 00:00:00", "plural": "population", "start_publication": "2011-11-27 12:00:21", "status": 2, "priornode": [2], "parent": null, "tags": "", "authors": [], "password": "", "slug": "population", "level": 0}}, {"pk": 18, "model": "gstudio.objecttype", "fields": {"rght": 2, "image": "", "metatypes": [17], "excerpt": "", "related": [], "creation_date": "2011-11-27 11:54:29", "lft": 1, "featured": false, "pingback_enabled": true, "posteriornode": [], "comment_enabled": true, "login_required": false, "sites": [1], "last_update": "2011-11-27 11:54:29", "content": "", "template": "gstudio/objecttype_detail.html", "tree_id": 5, "end_publication": "2042-03-15 00:00:00", "plural": "geographical ontologies", "start_publication": "2011-11-27 11:54:29", "status": 2, "priornode": [], "parent": null, "tags": "", "authors": [], "password": "", "slug": "geographical-ontology", "level": 0}}, {"pk": 13, "model": "gstudio.objecttype", "fields": {"rght": 2, "image": "", "metatypes": [11], "excerpt": "", "related": [], "creation_date": "2011-11-27 09:14:08", "lft": 1, "featured": false, "pingback_enabled": true, "posteriornode": [], "comment_enabled": true, "login_required": false, "sites": [1], "last_update": "2011-11-27 09:14:08", "content": "", "template": "gstudio/objecttype_detail.html", "tree_id": 4, "end_publication": "2042-03-15 00:00:00", "plural": "live in", "start_publication": "2011-11-27 09:14:08", "status": 2, "priornode": [3, 2], "parent": null, "tags": "", "authors": [], "password": "", "slug": "lives-in", "level": 0}}, {"pk": 12, "model": "gstudio.objecttype", "fields": {"rght": 2, "image": "", "metatypes": [11], "excerpt": "", "related": [], "creation_date": "2011-11-27 09:10:14", "lft": 1, "featured": false, "pingback_enabled": true, "posteriornode": [], "comment_enabled": true, "login_required": false, "sites": [1], "last_update": "2011-11-27 09:10:14", "content": "", "template": "gstudio/objecttype_detail.html", "tree_id": 3, "end_publication": "2042-03-15 00:00:00", "plural": "", "start_publication": "2011-11-27 09:10:14", "status": 2, "priornode": [7, 6, 2], "parent": null, "tags": "", "authors": [], "password": "", "slug": "capital-of", "level": 0}}, {"pk": 7, "model": "gstudio.objecttype", "fields": {"rght": 3, "image": "", "metatypes": [1], "excerpt": "", "related": [], "creation_date": "2011-11-27 09:05:25", "lft": 2, "featured": false, "pingback_enabled": true, "posteriornode": [], "comment_enabled": true, "login_required": false, "sites": [1], "last_update": "2011-11-27 09:05:49", "content": "", "template": "gstudio/objecttype_detail.html", "tree_id": 2, "end_publication": "2042-03-15 00:00:00", "plural": null, "start_publication": "2011-11-27 09:05:25", "status": 2, "priornode": [12], "parent": 2, "tags": "", "authors": [1], "password": "", "slug": "city", "level": 1}}, {"pk": 6, "model": "gstudio.objecttype", "fields": {"rght": 5, "image": "", "metatypes": [1], "excerpt": "", "related": [], "creation_date": "2011-11-27 09:03:29", "lft": 4, "featured": false, "pingback_enabled": true, "posteriornode": [], "comment_enabled": true, "login_required": false, "sites": [1], "last_update": "2011-11-27 09:04:24", "content": "", "template": "gstudio/objecttype_detail.html", "tree_id": 2, "end_publication": "2042-03-15 00:00:00", "plural": null, "start_publication": "2011-11-27 09:03:29", "status": 2, "priornode": [12], "parent": 2, "tags": "", "authors": [1], "password": "", "slug": "country", "level": 1}}, {"pk": 3, "model": "gstudio.objecttype", "fields": {"rght": 2, "image": "", "metatypes": [1], "excerpt": "", "related": [], "creation_date": "2011-11-27 09:00:53", "lft": 1, "featured": false, "pingback_enabled": true, "posteriornode": [], "comment_enabled": true, "login_required": false, "sites": [1], "last_update": "2011-11-27 09:01:23", "content": "", "template": "gstudio/objecttype_detail.html", "tree_id": 1, "end_publication": "2042-03-15 00:00:00", "plural": null, "start_publication": "2011-11-27 09:00:53", "status": 2, "priornode": [13], "parent": null, "tags": "", "authors": [1], "password": "", "slug": "person", "level": 0}}, {"pk": 2, "model": "gstudio.objecttype", "fields": {"rght": 6, "image": "", "metatypes": [1], "excerpt": "", "related": [], "creation_date": "2011-11-27 09:00:21", "lft": 1, "featured": false, "pingback_enabled": true, "posteriornode": [], "comment_enabled": true, "login_required": false, "sites": [1], "last_update": "2011-11-27 09:00:48", "content": "", "template": "gstudio/objecttype_detail.html", "tree_id": 2, "end_publication": "2042-03-15 00:00:00", "plural": null, "start_publication": "2011-11-27 09:00:21", "status": 2, "priornode": [21, 13, 12], "parent": null, "tags": "", "authors": [1], "password": "", "slug": "place", "level": 0}}, {"pk": 13, "model": "gstudio.relationtype", "fields": {"priornode": [3, 2], "inverse": "citizen of", "cardinalityLeft": null, "isTransitive": null, "cardinalityRight": null, "isSymmetrical": null, "sites": [1], "related": [], "metatypes": [11], "lft": 1, "authors": [], "subjecttypeLeft": 3, "subjecttypeRight": 2, "applicablenodetypes1": "OT", "applicablenodetypes2": "OT", "posteriornode": [], "isReflexive": null}}, {"pk": 12, "model": "gstudio.relationtype", "fields": {"priornode": [7, 6, 2], "inverse": "has capital", "cardinalityLeft": null, "isTransitive": false, "cardinalityRight": null, "isSymmetrical": false, "sites": [1], "related": [], "metatypes": [11], "lft": 1, "authors": [], "subjecttypeLeft": 6, "subjecttypeRight": 7, "applicablenodetypes1": "OT", "applicablenodetypes2": "OT", "posteriornode": [], "isReflexive": false}}, {"pk": 21, "model": "gstudio.attributetype", "fields": {"priornode": [2], "dataType": "3", "subjecttype": 2, "sites": [1], "related": [], "lft": 1, "authors": [], "applicablenodetypes": "OT", "metatypes": [20], "posteriornode": []}}, {"pk": 14, "model": "gstudio.relation", "fields": {"subject1Scope": "", "relationTypeScope": "", "subject1": 4, "subject2": 8, "relationtype": 13, "objectScope": ""}}, {"pk": 15, "model": "gstudio.relation", "fields": {"subject1Scope": "", "relationTypeScope": "", "subject1": 5, "subject2": 8, "relationtype": 13, "objectScope": ""}}, {"pk": 16, "model": "gstudio.relation", "fields": {"subject1Scope": "", "relationTypeScope": "", "subject1": 10, "subject2": 9, "relationtype": 12, "objectScope": ""}}, {"pk": 22, "model": "gstudio.attribute", "fields": {"attributeTypeScope": "", "value": "21000000", "valueScope": "", "attributeType": 21, "subjectScope": "", "subject": 8}}, {"pk": 18, "model": "gstudio.systemtype", "fields": {"priornode": [], "metatypes": [17], "sites": [1], "related": [], "lft": 1, "authors": [], "posteriornode": []}}]